Type,Name,Request Count,Failure Count,Median Response Time,Average Response Time,Min Response Time,Max Response Time,Average Content Size,Requests/s,Failures/s,50%,66%,75%,80%,90%,95%,98%,99%,99.9%,99.99%,100%
GET,Classical (X25519),5909,0,2,2.3402700524055002,1.0226659942418337,34.534208942204714,138.86664410221695,101.75589260395623,0.0,2,2,3,3,3,4,5,7,20,35,35
GET,Hybrid (X25519+ML-KEM-768),6004,0,2,2.5078997383657953,1.0066250106319785,35.63854098320007,153.8672551632245,103.3918394303864,0.0,2,3,3,3,3,4,5,7,17,36,36
GET,PQC Only (ML-KEM-768),5842,0,2,2.108320091506393,0.7859999313950539,27.455915929749608,143.86134885313248,100.60211957900022,0.0,2,2,2,2,3,4,5,7,19,27,27
,Aggregated,17755,0,2,2.3206359754093318,0.7859999313950539,35.63854098320007,145.58265277386653,305.74985161334286,0.0,2,2,3,3,3,4,5,7,19,35,36
