Type,Name,Request Count,Failure Count,Median Response Time,Average Response Time,Min Response Time,Max Response Time,Average Content Size,Requests/s,Failures/s,50%,66%,75%,80%,90%,95%,98%,99%,99.9%,99.99%,100%
GET,Classical (X25519),59364,0,3,6.696588061624115,0.8569579804316163,160.79179104417562,138.859207600566,1003.1268097615053,0.0,3,4,5,6,12,26,52,72,140,150,160
GET,Hybrid (X25519+ML-KEM-768),58971,0,4,6.910455430757963,0.9234580211341381,161.88649996183813,153.86252564819995,996.4859358945781,0.0,4,4,5,6,11,26,52,72,140,160,160
GET,PQC Only (ML-KEM-768),59814,0,3,6.535283426298231,0.6611250573769212,160.52841709461063,143.86096900391212,1010.7308638076054,0.0,3,4,5,6,11,26,51,70,130,160,160
,Aggregated,178149,0,3,6.713224120023599,0.6611250573769212,161.88649996183813,145.50497055835285,3010.343609463689,0.0,3,4,5,6,11,26,51,71,140,160,160
