Type,Name,Request Count,Failure Count,Median Response Time,Average Response Time,Min Response Time,Max Response Time,Average Content Size,Requests/s,Failures/s,50%,66%,75%,80%,90%,95%,98%,99%,99.9%,99.99%,100%
GET,Classical (X25519),30108,0,2,1.9626578667287218,0.8325419621542096,60.508041991852224,138.86007041317922,509.9299482770538,0.0,2,2,2,2,3,3,6,10,29,51,61
GET,Hybrid (X25519+ML-KEM-768),29951,0,2,2.115684856556745,0.8981670252978802,61.22583290562034,153.85980434710027,507.2708874998685,0.0,2,2,2,2,3,4,6,12,30,60,61
GET,PQC Only (ML-KEM-768),30365,0,1,1.7638840189207607,0.652250018902123,59.84479107428342,143.86273670344147,514.2826783390707,0.0,1,2,2,2,3,3,5,10,33,60,60
,Aggregated,90424,0,2,1.9465951343086827,0.652250018902123,61.22583290562034,145.50833849420508,1531.4835141159929,0.0,2,2,2,2,3,3,6,11,32,60,61
